Source,CM First Name,CM Last Name,CM Phone,Alternate Phone
Meta,Thomas,Gray,8675808654,6662129002
Google,Trevor,York,8187074307,8260011877
Meta,Julie,Richards,7037874334,
Google,Cynthia,Lawrence,6872374051,7325065757
Google,Lisa,Mcfarland,6106487904,
Meta,Daniel,Jones,8442975376,7870619775
Google,Amanda,Morales,8006367682,
Google,Charles,Cox,6632959596,
Google,Denise,Murphy,6600030055,7183424917
Google,Phyllis,Wilcox,6120942157,
Google,Kathy,Austin,9233201413,
Google,Brian,Sanders,8617566703,
Meta,Christopher,Allen,6441876827,7900715553
Google,Stephanie,Dominguez,8429301126,
Google,Debra,Wilkins,6950731315,7998111754
Meta,Matthew,Baldwin,7139409780,7877858761
Meta,Meghan,Gibson,6515314127,
Google,Brandy,Lam,9367039623,9867298592
Google,Rhonda,Moore,9110655813,
Meta,Ryan,Sanchez,9713654363,6358199678
Meta,Zoe,Acosta,8148854124,8867069121
Google,Annette,Delacruz,7986929776,
Google,Jennifer,Henderson,8190225942,6258071448
Meta,Marie,Thompson,9398001988,9647041215
Meta,Emily,Newton,7317559919,
Google,Gary,Chase,8755042777,7629852361
Meta,Maurice,Gallagher,9672217240,
Meta,Nathan,Delgado,9770935291,9151237323
